Product_Title,Price,Sale_Percentage,Category_id,name
Gói 10 Lần Triệt Lông Làm Gọn Vùng Bikini,801000,90,3121," Chăm sóc da mặt (211)
"
"05 lần Nâng cơ V-line, tan mỡ nọng cằm tặng kèm 05 lần chạy tế bào gốc trẻ hoá da",520000,90,3121," Chăm sóc da mặt (211)
"
Gói 10 Lần Triệt Lông Làm Gọn Vùng Bikini,801000,90,3121," Chăm sóc da mặt (211)
"
"05 lần Nâng cơ V-line, tan mỡ nọng cằm tặng kèm 05 lần chạy tế bào gốc trẻ hoá da",520000,90,3121," Chăm sóc da mặt (211)
"
Gói 05 lần Trẻ hóa da hiệu quả với tinh chất Collagen vàng kết hợp bắn ánh sáng Laser trẻ hoá,499000,89,3121," Chăm sóc da mặt (211)
"
Gói 05 lần Trẻ hóa da hiệu quả với tinh chất Collagen vàng kết hợp bắn ánh sáng Laser trẻ hoá,499000,89,3121," Chăm sóc da mặt (211)
"
60 Phút Cấy Tảo Xoắn Tươi Nhật Tại Thẩm Mỹ Viện Văn Phượng,99000,86,3121," Chăm sóc da mặt (211)
"
60 Phút Điều Trị Mụn Chuyên Sâu Tại Thẩm Mỹ Viện Văn Phượng,100000,86,3121," Chăm sóc da mặt (211)
"
"60 Phút Chăm Sóc Da Mặt Trẻ Hóa, Căng Bóng Da Tại Thẩm Mỹ Viện Văn Phượng",99000,86,3121," Chăm sóc da mặt (211)
"
60 Phút Cấy Tảo Xoắn Tươi Nhật Tại Thẩm Mỹ Viện Văn Phượng,99000,86,3121," Chăm sóc da mặt (211)
"
60 Phút Điều Trị Mụn Chuyên Sâu Tại Thẩm Mỹ Viện Văn Phượng,100000,86,3121," Chăm sóc da mặt (211)
"
"60 Phút Chăm Sóc Da Mặt Trẻ Hóa, Căng Bóng Da Tại Thẩm Mỹ Viện Văn Phượng",99000,86,3121," Chăm sóc da mặt (211)
"
Lăm Kim Trị Mụn Chuyên Sâu 60 Phút Tại L'Paradis Spa,230000,85,3121," Chăm sóc da mặt (211)
"
GIẢM BÉO CÔNG NGHỆ RF EXILIS 299K CHO 5 LẦN,299000,85,3121," Chăm sóc da mặt (211)
"
Lăm Kim Trị Mụn Chuyên Sâu 60 Phút Tại L'Paradis Spa,230000,85,3121," Chăm sóc da mặt (211)
"
GIẢM BÉO CÔNG NGHỆ RF EXILIS 299K CHO 5 LẦN,299000,85,3121," Chăm sóc da mặt (211)
"
Phi Kim Trị Sẹo Rỗ - Lỗ Chân Lông To - 60 Phút Tại L'Paradis Spa,249000,83,3121," Chăm sóc da mặt (211)
"
Phi Kim Trị Sẹo Rỗ - Lỗ Chân Lông To - 60 Phút Tại L'Paradis Spa,249000,83,3121," Chăm sóc da mặt (211)
"
Căng Bóng Da Hàn Quốc Babyskin,99000,80,3121," Chăm sóc da mặt (211)
"
Công Nghệ NaNo White Trị Nám - Tàn Nhang - Da không Điều Màu  60 Phút Tại L'Paradis Spa,249000,80,3121," Chăm sóc da mặt (211)
"
For You Spa - Liệu Trình Trị Mụn Chuyên Sâu,99000,80,3121," Chăm sóc da mặt (211)
"
Trắng Sáng Rạng Rỡ Da Mặt Bằng Vitamin C,89000,80,3121," Chăm sóc da mặt (211)
"
Liệu trình điều trị mụn cơ bản bằng công nghệ cao trị giá 500.000 VND tại Viện thẩm mỹ Công Nghệ Cao IRIS,99000,80,3121," Chăm sóc da mặt (211)
"
Chăm Sóc Trẻ Hoá Da Mặt Mờ Sẹo - Hút Mụn Cám - Đắp Mặt Nạ Hồng Sâm Tại An An Spa,99000,80,3121," Chăm sóc da mặt (211)
"
Căng Bóng Da Hàn Quốc Babyskin,99000,80,3121," Chăm sóc da mặt (211)
"
Công Nghệ NaNo White Trị Nám - Tàn Nhang - Da không Điều Màu  60 Phút Tại L'Paradis Spa,249000,80,3121," Chăm sóc da mặt (211)
"
For You Spa - Liệu Trình Trị Mụn Chuyên Sâu,99000,80,3121," Chăm sóc da mặt (211)
"
Trắng Sáng Rạng Rỡ Da Mặt Bằng Vitamin C,89000,80,3121," Chăm sóc da mặt (211)
"
Liệu trình điều trị mụn cơ bản bằng công nghệ cao trị giá 500.000 VND tại Viện thẩm mỹ Công Nghệ Cao IRIS,99000,80,3121," Chăm sóc da mặt (211)
"
Chăm Sóc Trẻ Hoá Da Mặt Mờ Sẹo - Hút Mụn Cám - Đắp Mặt Nạ Hồng Sâm Tại An An Spa,99000,80,3121," Chăm sóc da mặt (211)
"
"Massage Mặt Thư Giãn + Ấn Huyệt Thải Độc, Thanh Lọc Làn Da/ Điện Di Vitamin C Tại Sophia Spa",99000,78,3121," Chăm sóc da mặt (211)
"
Liệu Trình Điện Di Tế Bào Gốc Tại Beu Spa,110000,78,3121," Chăm sóc da mặt (211)
"
Điều Trị Mụn Chuẩn Y Khoa Tại Sophia Spa,99000,78,3121," Chăm sóc da mặt (211)
"
"Paradise Beauty & Spa-Vi Kim Nano Collagen Bí Mật Trẻ Hóa, Căng Da, Tái Sinh Làn Da ",199000,78,3121," Chăm sóc da mặt (211)
"
"Massage Mặt Thư Giãn + Ấn Huyệt Thải Độc, Thanh Lọc Làn Da/ Điện Di Vitamin C Tại Sophia Spa",99000,78,3121," Chăm sóc da mặt (211)
"
Liệu Trình Điện Di Tế Bào Gốc Tại Beu Spa,110000,78,3121," Chăm sóc da mặt (211)
"
Điều Trị Mụn Chuẩn Y Khoa Tại Sophia Spa,99000,78,3121," Chăm sóc da mặt (211)
"
"Paradise Beauty & Spa-Vi Kim Nano Collagen Bí Mật Trẻ Hóa, Căng Da, Tái Sinh Làn Da ",199000,78,3121," Chăm sóc da mặt (211)
"
Trẻ Hoá Da Se Khít Lỗ Chân Lông OxyJet 80 Phút Tại Paradise Beauty & Spa,199000,77,3121," Chăm sóc da mặt (211)
"
Trị Sạm / Thâm/ Nám -Da Trắng Sáng Bật Tone Kiềm Dầu Vùng Chữ T Bằng Công Nghệ LASER ĐA SIÊU XUNG,499000,77,3121," Chăm sóc da mặt (211)
"
Trẻ Hoá Da Se Khít Lỗ Chân Lông OxyJet 80 Phút Tại Paradise Beauty & Spa,199000,77,3121," Chăm sóc da mặt (211)
"
Trị Sạm / Thâm/ Nám -Da Trắng Sáng Bật Tone Kiềm Dầu Vùng Chữ T Bằng Công Nghệ LASER ĐA SIÊU XUNG,499000,77,3121," Chăm sóc da mặt (211)
"
Paradise Beauty & Spa - Điều Trị Mụn Tuổi Dậy Thì Assh,149000,76,3121," Chăm sóc da mặt (211)
"
"Gói Triệt Lông Vĩnh Viễn - Trẻ Hóa Và Trị Thâm - Bao Gồm 10 Lần, Bảo Hành 05 Năm",599999,76,3121," Chăm sóc da mặt (211)
"
Liệu Trình 90 Phút Chăm Sóc Da Mặt Chuyên Sâu Và Tắm Trắng Da Mặt Với Công Nghệ Làm Đẹp Chuẩn Quốc Tế Tại Thẩm Mỹ Quốc Tế Euro,120000,76,3121," Chăm sóc da mặt (211)
"
Paradise Beauty & Spa - Điều Trị Mụn Tuổi Dậy Thì Assh,149000,76,3121," Chăm sóc da mặt (211)
"
"Gói Triệt Lông Vĩnh Viễn - Trẻ Hóa Và Trị Thâm - Bao Gồm 10 Lần, Bảo Hành 05 Năm",599999,76,3121," Chăm sóc da mặt (211)
"
Liệu Trình 90 Phút Chăm Sóc Da Mặt Chuyên Sâu Và Tắm Trắng Da Mặt Với Công Nghệ Làm Đẹp Chuẩn Quốc Tế Tại Thẩm Mỹ Quốc Tế Euro,120000,76,3121," Chăm sóc da mặt (211)
"
Áp Dụng 1 Trong 4 Liệu Trình Chăm Sóc Da Trị Mụn/Chạy Vitamin C / Collagen Tươi/ Thải Chì Tại Trung Tâm Chăm Sóc Sắc Đẹp IGlow Beauty,99000,75,3121," Chăm sóc da mặt (211)
"
Áp Dụng 1 Trong 4 Liệu Trình Chăm Sóc Da Trị Mụn/Chạy Vitamin C / Collagen Tươi/ Thải Chì Tại Trung Tâm Chăm Sóc Sắc Đẹp IGlow Beauty,99000,75,3121," Chăm sóc da mặt (211)
"
"Mắt Chuyên Sâu, Ngăn Ngừa Vết Thâm + Bọng Mắt Tại Paradise Beauty & Spa",99000,74,3121," Chăm sóc da mặt (211)
"
Paradise Beauty & Spa - Điều Trị Mụn Xoá Thâm Bằng Máy Ánh Sáng Sinh Học,149000,74,3121," Chăm sóc da mặt (211)
"
"Mắt Chuyên Sâu, Ngăn Ngừa Vết Thâm + Bọng Mắt Tại Paradise Beauty & Spa",99000,74,3121," Chăm sóc da mặt (211)
"
Paradise Beauty & Spa - Điều Trị Mụn Xoá Thâm Bằng Máy Ánh Sáng Sinh Học,149000,74,3121," Chăm sóc da mặt (211)
"
Điều Trị Mụn Chuẩn Y Khoa Tại Sophia Spa,125000,72,3121," Chăm sóc da mặt (211)
"
01 Buổi Điều Trị Sạch Nhân Mụn + Oxy Tinh Khiết Tại Viện Thẩm Mỹ Leboss,390000,72,3121," Chăm sóc da mặt (211)
"
Điều Trị Da Hư Tổn PRP Kết Hợp Lăn Kim Giải Quyết 10 Vấn Đề Về Da,1399999,72,3121," Chăm sóc da mặt (211)
"
Điều Trị Mụn Chuẩn Y Khoa Tại Sophia Spa,125000,72,3121," Chăm sóc da mặt (211)
"
01 Buổi Điều Trị Sạch Nhân Mụn + Oxy Tinh Khiết Tại Viện Thẩm Mỹ Leboss,390000,72,3121," Chăm sóc da mặt (211)
"
Điều Trị Da Hư Tổn PRP Kết Hợp Lăn Kim Giải Quyết 10 Vấn Đề Về Da,1399999,72,3121," Chăm sóc da mặt (211)
"
"Paradise Beauty & Spa - Liệu trình 10 Lần Triệt Lông Vĩnh Viễn,Trẻ Hóa, Giảm Mùi Cơ Thể",1000000,71,3121," Chăm sóc da mặt (211)
"
"Paradise Beauty & Spa - Liệu trình 10 Lần Triệt Lông Vĩnh Viễn,Trẻ Hóa, Giảm Mùi Cơ Thể",1000000,71,3121," Chăm sóc da mặt (211)
"
Dịch Vụ Trị Mụn Bằng Mỹ Phẩm Dermaligical Của Mỹ,195000,70,3121," Chăm sóc da mặt (211)
"
Liệu Trình Triệt Lông Trắng Sáng Vùng Nách Tại Les Sam Wellness & Spa,149000,70,3121," Chăm sóc da mặt (211)
"
Voucher 60’ Chăm Sóc Da Mặt Chuyên Biệt Hydra Face Tại CC Clinic,300000,70,3121," Chăm sóc da mặt (211)
"
For You Spa -  Liệu Trình Cấy Sợi Collagen,300000,70,3121," Chăm sóc da mặt (211)
"
Dịch Vụ Trị Mụn Bằng Mỹ Phẩm Dermaligical Của Mỹ,195000,70,3121," Chăm sóc da mặt (211)
"
Liệu Trình Triệt Lông Trắng Sáng Vùng Nách Tại Les Sam Wellness & Spa,149000,70,3121," Chăm sóc da mặt (211)
"
Voucher 60’ Chăm Sóc Da Mặt Chuyên Biệt Hydra Face Tại CC Clinic,300000,70,3121," Chăm sóc da mặt (211)
"
For You Spa -  Liệu Trình Cấy Sợi Collagen,300000,70,3121," Chăm sóc da mặt (211)
"
Điều Trị Nám - Tàn Nhang Công Nghệ OxyJet Tại Paradise Beauty & Spa,300000,69,3121," Chăm sóc da mặt (211)
"
"Liệu Trình Nâng Cơ - Sáng Da - Săn Chắc, Ngăn Ngừa Lão Hoá Bằng Máy RF - M6 Tại Paradise Beauty & Spa",299000,69,3121," Chăm sóc da mặt (211)
"
Điều Trị Nám - Tàn Nhang Công Nghệ OxyJet Tại Paradise Beauty & Spa,300000,69,3121," Chăm sóc da mặt (211)
"
"Liệu Trình Nâng Cơ - Sáng Da - Săn Chắc, Ngăn Ngừa Lão Hoá Bằng Máy RF - M6 Tại Paradise Beauty & Spa",299000,69,3121," Chăm sóc da mặt (211)
"
Rita Homespa - Liệu Trình Chạy Vitanmin C Cơ Bản Giúp Mờ Thâm Sáng Da ,129000,67,3121," Chăm sóc da mặt (211)
"
Voucher 7 Bước Triệt Lông Vĩnh Viễn Tại Ellis Spa,99000,67,3121," Chăm sóc da mặt (211)
"
Paradise Beauty & Spa - Liệu Trình Thải Độc Tố Thanh Khiết Làn Da,99000,67,3121," Chăm sóc da mặt (211)
"
For You Spa - Liệu Trình Tiêm Điều Trị Nám,600000,67,3121," Chăm sóc da mặt (211)
"
Paradise Beauty & Spa - Điều Trị Mụn Xoá Thâm Công Nghệ Oxyjet,199000,67,3121," Chăm sóc da mặt (211)
"
Liệu Pháp Thủy Sinh Đá Thạch Anh Dưỡng Ẩm Chống Nhăn Hydra 3A Tại Viện Thẩm Mỹ Leboss,399000,67,3121," Chăm sóc da mặt (211)
"
"Công nghệ Căng bóng, Trắng Sáng Nâng Tông Da Bằng Nguyên Bào Sợi XXI Hoàng Gia Pháp Tại Viện Thẩm Mỹ Leboss",2999000,67,3121," Chăm sóc da mặt (211)
"
Rita Homespa - Liệu Trình Chạy Vitanmin C Cơ Bản Giúp Mờ Thâm Sáng Da ,129000,67,3121," Chăm sóc da mặt (211)
"
Voucher 7 Bước Triệt Lông Vĩnh Viễn Tại Ellis Spa,99000,67,3121," Chăm sóc da mặt (211)
"
Paradise Beauty & Spa - Liệu Trình Thải Độc Tố Thanh Khiết Làn Da,99000,67,3121," Chăm sóc da mặt (211)
"
For You Spa - Liệu Trình Tiêm Điều Trị Nám,600000,67,3121," Chăm sóc da mặt (211)
"
Paradise Beauty & Spa - Điều Trị Mụn Xoá Thâm Công Nghệ Oxyjet,199000,67,3121," Chăm sóc da mặt (211)
"
Liệu Pháp Thủy Sinh Đá Thạch Anh Dưỡng Ẩm Chống Nhăn Hydra 3A Tại Viện Thẩm Mỹ Leboss,399000,67,3121," Chăm sóc da mặt (211)
"
"Công nghệ Căng bóng, Trắng Sáng Nâng Tông Da Bằng Nguyên Bào Sợi XXI Hoàng Gia Pháp Tại Viện Thẩm Mỹ Leboss",2999000,67,3121," Chăm sóc da mặt (211)
"
Trẻ Hoá Da Se Khít Lỗ Chân Lông Bằng Máy Ánh Sáng Sinh Học Tại Paradise Beauty & Spa,199000,66,3121," Chăm sóc da mặt (211)
"
Trẻ Hoá Da Bằng Công Nghệ OxyJet + Mắt Chuyên Sâu Tại Paradise Beauty & Spa,399000,66,3121," Chăm sóc da mặt (211)
"
Trẻ Hoá Da Se Khít Lỗ Chân Lông Bằng Máy Ánh Sáng Sinh Học Tại Paradise Beauty & Spa,199000,66,3121," Chăm sóc da mặt (211)
"
Trẻ Hoá Da Bằng Công Nghệ OxyJet + Mắt Chuyên Sâu Tại Paradise Beauty & Spa,399000,66,3121," Chăm sóc da mặt (211)
"
"Điều Trị Sẹo Rỗ, Nám, Tàn Nhang, Trẻ Hóa Da, Se Khít Chân Lông Công Nghệ Laser - Cam Kết Hiệu Quả 100%",700000,65,3121," Chăm sóc da mặt (211)
"
"Công Nghệ Hifu 2019 - Nâng Cơ, Trẻ Hóa, Xóa Nhăn Căng Da Độc Quyền Sophia Spa",1399999,65,3121," Chăm sóc da mặt (211)
"
Chăm Sóc Da Mặt Toàn Diện Tại Paradise Beauty & Spa,99000,65,3121," Chăm sóc da mặt (211)
"
"Điều Trị Sẹo Rỗ, Nám, Tàn Nhang, Trẻ Hóa Da, Se Khít Chân Lông Công Nghệ Laser - Cam Kết Hiệu Quả 100%",700000,65,3121," Chăm sóc da mặt (211)
"
"Công Nghệ Hifu 2019 - Nâng Cơ, Trẻ Hóa, Xóa Nhăn Căng Da Độc Quyền Sophia Spa",1399999,65,3121," Chăm sóc da mặt (211)
"
Chăm Sóc Da Mặt Toàn Diện Tại Paradise Beauty & Spa,99000,65,3121," Chăm sóc da mặt (211)
"
Paradise Beauty & Spa - Điều Trị Mụn Xoá Thâm Ánh Sáng Sinh Học + Oxy Jet,249000,64,3121," Chăm sóc da mặt (211)
"
Liệu Trình 60 Phút Massage Body Bằng Tinh Dầu Thư Giãn Tại Beu Spa,90000,64,3121," Chăm sóc da mặt (211)
"
Hút Chì Thải Độc Tố + Serum + Máy Ánh Sáng Sinh Học Tại Paradise Beauty & Spa,200000,64,3121," Chăm sóc da mặt (211)
"
Thanh Dưỡng Đặc Biệt Nhân Sâm + Xông Hơi Tại Paradise Beauty & Spa,199000,64,3121," Chăm sóc da mặt (211)
"
Paradise Beauty & Spa - Điều Trị Mụn Xoá Thâm Ánh Sáng Sinh Học + Oxy Jet,249000,64,3121," Chăm sóc da mặt (211)
"
Liệu Trình 60 Phút Massage Body Bằng Tinh Dầu Thư Giãn Tại Beu Spa,90000,64,3121," Chăm sóc da mặt (211)
"
Hút Chì Thải Độc Tố + Serum + Máy Ánh Sáng Sinh Học Tại Paradise Beauty & Spa,200000,64,3121," Chăm sóc da mặt (211)
"
Thanh Dưỡng Đặc Biệt Nhân Sâm + Xông Hơi Tại Paradise Beauty & Spa,199000,64,3121," Chăm sóc da mặt (211)
"
Thanh Tẩy Đặc Biệt Cà Phê Sữa + Xông Hơi Tại Paradise Beauty & Spa,199000,63,3121," Chăm sóc da mặt (211)
"
Hút Chì Thải Độc Tố + Serum Tại Paradise Beauty & Spa,149000,63,3121," Chăm sóc da mặt (211)
"
Thanh Tẩy Đặc Biệt Cà Phê Sữa + Xông Hơi Tại Paradise Beauty & Spa,199000,63,3121," Chăm sóc da mặt (211)
"
Hút Chì Thải Độc Tố + Serum Tại Paradise Beauty & Spa,149000,63,3121," Chăm sóc da mặt (211)
"
"Thẩm Mỹ Song Kim - 60 Phút Điều Trị Mụn Cám, Mụn Đầu Đen, Se Khít Lỗ Chân Lông",150000,61,3121," Chăm sóc da mặt (211)
"
"Thẩm Mỹ Song Kim - 60 Phút Điều Trị Mụn Cám, Mụn Đầu Đen, Se Khít Lỗ Chân Lông",150000,61,3121," Chăm sóc da mặt (211)
"
"Việt Hàn Spa - Điều Trị Sẹo Rỗ Bằng Spectra Laser, Cam Kết Hiệu Quả, Không Đau",199000,60,3121," Chăm sóc da mặt (211)
"
"Công Nghệ Phun Môi Khử Thâm, Căng Mọng",399000,60,3121," Chăm sóc da mặt (211)
"
Điều Trị Mụn + Trị Thâm + Se Khít Chân Lông,200000,60,3121," Chăm sóc da mặt (211)
"
Liệu Trình Triệt Lông Mép Vĩnh Viễn Tại MOH Beauty,220000,60,3121," Chăm sóc da mặt (211)
"
Chỉ 199K - Trọn Gói 6 Lần Triệt Lông Vĩnh Viễn Cam Kết Hiệu Quả 100%,199000,60,3121," Chăm sóc da mặt (211)
"
Paradise Beauty & Spa - Liệu Trình Trắng Sáng Da Với Collagen Vàng 24K,199000,60,3121," Chăm sóc da mặt (211)
"
"Việt Hàn Spa - Điều Trị Sẹo Rỗ Bằng Spectra Laser, Cam Kết Hiệu Quả, Không Đau",199000,60,3121," Chăm sóc da mặt (211)
"
"Công Nghệ Phun Môi Khử Thâm, Căng Mọng",399000,60,3121," Chăm sóc da mặt (211)
"
Điều Trị Mụn + Trị Thâm + Se Khít Chân Lông,200000,60,3121," Chăm sóc da mặt (211)
"
Liệu Trình Triệt Lông Mép Vĩnh Viễn Tại MOH Beauty,220000,60,3121," Chăm sóc da mặt (211)
"
Chỉ 199K - Trọn Gói 6 Lần Triệt Lông Vĩnh Viễn Cam Kết Hiệu Quả 100%,199000,60,3121," Chăm sóc da mặt (211)
"
Paradise Beauty & Spa - Liệu Trình Trắng Sáng Da Với Collagen Vàng 24K,199000,60,3121," Chăm sóc da mặt (211)
"
Tắm Trắng Bằng Máy Phi Thuyền Trả Lại Làn Da Trắng Hồng Đều Màu Tại Paradise Beauty & Spa,399000,59,3121," Chăm sóc da mặt (211)
"
Tắm Trắng Bằng Máy Phi Thuyền Trả Lại Làn Da Trắng Hồng Đều Màu Tại Paradise Beauty & Spa,399000,59,3121," Chăm sóc da mặt (211)
"
Combo Chăm Sóc Da Chuyên Sâu Với Liệu Trình Điện Di Vitamin C + Massage Đầu Cổ Vai Tại L’amie Spa,375000,58,3121," Chăm sóc da mặt (211)
"
Combo Chăm Sóc Da Chuyên Sâu Với Liệu Trình Điện Di Vitamin C + Massage Đầu Cổ Vai Tại L’amie Spa,375000,58,3121," Chăm sóc da mặt (211)
"
Voucher 60’ Chăm Sóc Da Mặt Chuyên Biệt Hydra Acne Tại CC Clinic,300000,57,3121," Chăm sóc da mặt (211)
"
Voucher 60’ Chăm Sóc Da Mặt Chuyên Biệt Hydra Acne Tại CC Clinic,300000,57,3121," Chăm sóc da mặt (211)
"
"Việt Hàn Spa - Điều Trị Rạn Da Sau Sinh Bằng Spectra Laser, Hiệu Quả Ngay Lần Đầu Tiên",455000,55,3121," Chăm sóc da mặt (211)
"
Thanh Tẩy Đặc Biệt 03 Loại Thảo Mộc Thuốc Bắc + Xông Hơi Tại Paradise Beauty & Spa,199000,55,3121," Chăm sóc da mặt (211)
"
MoonLight Spa - Combo Thư Giãn Làm Đẹp 5 trong 1 ,359000,55,3121," Chăm sóc da mặt (211)
"
"Việt Hàn Spa - Điều Trị Rạn Da Sau Sinh Bằng Spectra Laser, Hiệu Quả Ngay Lần Đầu Tiên",455000,55,3121," Chăm sóc da mặt (211)
"
Thanh Tẩy Đặc Biệt 03 Loại Thảo Mộc Thuốc Bắc + Xông Hơi Tại Paradise Beauty & Spa,199000,55,3121," Chăm sóc da mặt (211)
"
MoonLight Spa - Combo Thư Giãn Làm Đẹp 5 trong 1 ,359000,55,3121," Chăm sóc da mặt (211)
"
Liệu Trình Trị Mụn Chuyên Sâu Tại Win Beauty Spa,299000,54,3121," Chăm sóc da mặt (211)
"
Dịch Vụ Tắm Trắng Whitening Body Và Tắm Trắng Da Mặt ,279000,54,3121," Chăm sóc da mặt (211)
"
Liệu Trình Trị Mụn Chuyên Sâu Tại Win Beauty Spa,299000,54,3121," Chăm sóc da mặt (211)
"
Dịch Vụ Tắm Trắng Whitening Body Và Tắm Trắng Da Mặt ,279000,54,3121," Chăm sóc da mặt (211)
"
"Thẩm Mỹ song Kim - Đi tảo xoắn nuôi dưỡng da săn chắc ,khỏe mạnh .phục hồi da sạm màu ,mụn ẩn trong 60p ",180000,53,3121," Chăm sóc da mặt (211)
"
"Thẩm Mỹ Song Kim Chạy Trắng Ngăn ngừa nám,tàn nhang ,nám mảng hay nám chân đinh ,phục hồi trắng sáng da",180000,53,3121," Chăm sóc da mặt (211)
"
"Thẩm Mỹ song Kim - Đi tảo xoắn nuôi dưỡng da săn chắc ,khỏe mạnh .phục hồi da sạm màu ,mụn ẩn trong 60p ",180000,53,3121," Chăm sóc da mặt (211)
"
"Thẩm Mỹ Song Kim Chạy Trắng Ngăn ngừa nám,tàn nhang ,nám mảng hay nám chân đinh ,phục hồi trắng sáng da",180000,53,3121," Chăm sóc da mặt (211)
"
Combo Chăm Sóc Trị Liệu Da Mụn + Massage Đầu Cổ Vai Tại L’amie Spa,679000,52,3121," Chăm sóc da mặt (211)
"
Combo Chăm Sóc Trị Liệu Da Mụn + Massage Đầu Cổ Vai Tại L’amie Spa,679000,52,3121," Chăm sóc da mặt (211)
"
"Cấy Nano tảo xoắn tươi Nhật Bản giúp da siêu mịn, trắng sáng ",99000,51,3121," Chăm sóc da mặt (211)
"
"Điều trị mụn cám, mụn đầu đen, sợi bã nhờn với ánh sáng sinh học Aqua Peel (90 phút) ",99000,51,3121," Chăm sóc da mặt (211)
"
Khánh Hương Spa - Triệt Lông Vĩnh Viễn Kết Hợp Trẻ Hóa Trị Thâm Vùng Nách/ Mép CN New Elight (IPL + RF) ,99000,51,3121," Chăm sóc da mặt (211)
"
"Hút chì, thải độc tố, Hồi sinh cho làn da trắng mịn công nghệ Ultrasonic Cure (90 phút)",99000,51,3121," Chăm sóc da mặt (211)
"
"Tan Mỡ, Giảm Béo Siêu Tốc - Hiệu Quả Ngay Lần Đầu Tiên",99000,51,3121," Chăm sóc da mặt (211)
"
"Paradise Beauty & Spa - Chọn 1 Trong 2 Liệu Trình Trắng Da, Sạch Mụn Và Thải Độc Thanh Khiết Làn Da",99000,51,3121," Chăm sóc da mặt (211)
"
Khánh Hương Spa - Thanh Tẩy Body Sáng Mịn Da 60 Phút,99000,51,3121," Chăm sóc da mặt (211)
"
"Cấy Nano tảo xoắn tươi Nhật Bản giúp da siêu mịn, trắng sáng ",99000,51,3121," Chăm sóc da mặt (211)
"
"Điều trị mụn cám, mụn đầu đen, sợi bã nhờn với ánh sáng sinh học Aqua Peel (90 phút) ",99000,51,3121," Chăm sóc da mặt (211)
"
Khánh Hương Spa - Triệt Lông Vĩnh Viễn Kết Hợp Trẻ Hóa Trị Thâm Vùng Nách/ Mép CN New Elight (IPL + RF) ,99000,51,3121," Chăm sóc da mặt (211)
"
"Hút chì, thải độc tố, Hồi sinh cho làn da trắng mịn công nghệ Ultrasonic Cure (90 phút)",99000,51,3121," Chăm sóc da mặt (211)
"
"Tan Mỡ, Giảm Béo Siêu Tốc - Hiệu Quả Ngay Lần Đầu Tiên",99000,51,3121," Chăm sóc da mặt (211)
"
"Paradise Beauty & Spa - Chọn 1 Trong 2 Liệu Trình Trắng Da, Sạch Mụn Và Thải Độc Thanh Khiết Làn Da",99000,51,3121," Chăm sóc da mặt (211)
"
Khánh Hương Spa - Thanh Tẩy Body Sáng Mịn Da 60 Phút,99000,51,3121," Chăm sóc da mặt (211)
"
"Voucher 16 Bước Trắng Sáng Da, Sạch Mụn, Mịn Màng Thải Độc Chì Cao Cấp (90 Phút) Tại Ellis Spa",149000,50,3121," Chăm sóc da mặt (211)
"
"Combo 5 Lần Lăn Kim Tế Bào Gốc Sạch Nám, Mụn, Sẹo Rỗ Tại Paradise Spa",499000,50,3121," Chăm sóc da mặt (211)
"
"Voucher 14 Bước Chăm Sóc Da Chuyên Sâu Vitamin C Và Oxy Tinh Khiết Trắng Sáng Da, Sạch Mụn, Mịn Màng  (90 Phút) Tại Ellis Spa",149000,50,3121," Chăm sóc da mặt (211)
"
Voucher 4 Bước Trắng Thanh Tẩy Body Cao Cấp (90 Phút) Tại Ellis Spa,149000,50,3121," Chăm sóc da mặt (211)
"
"Tắm Trắng Toàn Thân Bật 3 Tone, Không Bắt Nắng/ Giảm Béo Siêu Tốc/ Cấy Nano Tảo Xoắn Tươi Nhật Bản",200000,50,3121," Chăm sóc da mặt (211)
"
Paradise Beauty & Spa - Điều Trị Mụn Lưng ASSH + OxyJet,299000,50,3121," Chăm sóc da mặt (211)
"
Tắm Trắng Toàn Thân Phi Thuyền Hoàng Gia Cao Cấp Công Nghệ Nano Vàng Tại Sophia Spa,450000,50,3121," Chăm sóc da mặt (211)
"
Liệu Trình Cấy Tảo Xoắn Tại SOJO Beauty,105000,50,3121," Chăm sóc da mặt (211)
"
"Voucher 14 Bước Trắng Sáng Da, Sạch Mụn, Mịn Màng Điều Trị Mụn Cao Cấp (90 Phút) Tại Ellis Spa",149000,50,3121," Chăm sóc da mặt (211)
"
Combo Chăm Sóc Da Mụn Ở Vùng Mặt Và Trị Mụn Ở Vùng Lưng Tại Mẹ & Em Spa ,499000,50,3121," Chăm sóc da mặt (211)
"
Combo Thải Độc Chì + Chạy C Làm Trắng Hồng Da ,99000,50,3121," Chăm sóc da mặt (211)
"
Combo Điều Trị Mụn + Tẩy Tế Bào Chết + Đắp Mặt Nạ Tại Haan Spa,249000,50,3121," Chăm sóc da mặt (211)
"
Liệu Trình Điều Trị Mụn Vĩnh Viễn Tại  Beryl Spa & Wellness,699000,50,3121," Chăm sóc da mặt (211)
"
"Việt Hàn Spa - Nâng Cơ, Tạo Mặt V-Line Công Nghệ Hifu Hiệu Quả 99%",1000000,50,3121," Chăm sóc da mặt (211)
"
"Thẩm Mỹ Song Kim - Cấy Phấn Non Vào Da Cho da không đều màu ,thiếu sức sống ,không gây đau rát ,không nghỉ dưỡng ",190000,50,3121," Chăm sóc da mặt (211)
"
Liệu trình 12 bước điều trị mụn bằng công nghệ cao trị giá 800.000 VND tại Viện thẩm mỹ Công Nghệ Cao IRIS,399000,50,3121," Chăm sóc da mặt (211)
"
Voucher 60’ Chăm Sóc Da Mặt Cơ Bản Tại Ích Kiện Đường Dưỡng Sinh Hội Quán,150000,50,3121," Chăm sóc da mặt (211)
"
10 Lần Triệt Lông Công Nghệ DIODE LASER BH 2 Năm,750000,50,3121," Chăm sóc da mặt (211)
"
Dan Clinic And Spa - Trị Mụn Chuyên Sâu,250000,50,3121," Chăm sóc da mặt (211)
"
"Việt Hàn Spa - 05 Lần Thay Da Sinh Học MP Alissi Bronte, Nhung Hươu + Ánh Sáng 3D",999000,50,3121," Chăm sóc da mặt (211)
"
Áp Dụng 1 Trong 3 Dịch Vụ Combo Chăm Sóc Da Điện Di Với Vitamin C / Collagen Kết Hợp Với Massage Body Đá Nóng / Thảo Dược tại Mẹ & Em Spa ,399000,50,3121," Chăm sóc da mặt (211)
"
"Việt Hàn Spa - Tắm Trắng Alissi Bronte, Serum Gold Nutriv 24K + Tế Bào Tươi",500000,50,3121," Chăm sóc da mặt (211)
"
 Thẫm Mỹ Song Kim Chạy Trắng Lấy Lại Sắc Da Sáng Đều Màu,250000,50,3121," Chăm sóc da mặt (211)
"
"Voucher 16 Bước Trắng Sáng Da, Sạch Mụn, Mịn Màng Thải Độc Chì Cao Cấp (90 Phút) Tại Ellis Spa",149000,50,3121," Chăm sóc da mặt (211)
"
"Combo 5 Lần Lăn Kim Tế Bào Gốc Sạch Nám, Mụn, Sẹo Rỗ Tại Paradise Spa",499000,50,3121," Chăm sóc da mặt (211)
"
"Voucher 14 Bước Chăm Sóc Da Chuyên Sâu Vitamin C Và Oxy Tinh Khiết Trắng Sáng Da, Sạch Mụn, Mịn Màng  (90 Phút) Tại Ellis Spa",149000,50,3121," Chăm sóc da mặt (211)
"
Voucher 4 Bước Trắng Thanh Tẩy Body Cao Cấp (90 Phút) Tại Ellis Spa,149000,50,3121," Chăm sóc da mặt (211)
"
"Tắm Trắng Toàn Thân Bật 3 Tone, Không Bắt Nắng/ Giảm Béo Siêu Tốc/ Cấy Nano Tảo Xoắn Tươi Nhật Bản",200000,50,3121," Chăm sóc da mặt (211)
"
Paradise Beauty & Spa - Điều Trị Mụn Lưng ASSH + OxyJet,299000,50,3121," Chăm sóc da mặt (211)
"
Tắm Trắng Toàn Thân Phi Thuyền Hoàng Gia Cao Cấp Công Nghệ Nano Vàng Tại Sophia Spa,450000,50,3121," Chăm sóc da mặt (211)
"
Liệu Trình Cấy Tảo Xoắn Tại SOJO Beauty,105000,50,3121," Chăm sóc da mặt (211)
"
"Voucher 14 Bước Trắng Sáng Da, Sạch Mụn, Mịn Màng Điều Trị Mụn Cao Cấp (90 Phút) Tại Ellis Spa",149000,50,3121," Chăm sóc da mặt (211)
"
Combo Chăm Sóc Da Mụn Ở Vùng Mặt Và Trị Mụn Ở Vùng Lưng Tại Mẹ & Em Spa ,499000,50,3121," Chăm sóc da mặt (211)
"
Combo Thải Độc Chì + Chạy C Làm Trắng Hồng Da ,99000,50,3121," Chăm sóc da mặt (211)
"
Combo Điều Trị Mụn + Tẩy Tế Bào Chết + Đắp Mặt Nạ Tại Haan Spa,249000,50,3121," Chăm sóc da mặt (211)
"
Liệu Trình Điều Trị Mụn Vĩnh Viễn Tại  Beryl Spa & Wellness,699000,50,3121," Chăm sóc da mặt (211)
"
"Việt Hàn Spa - Nâng Cơ, Tạo Mặt V-Line Công Nghệ Hifu Hiệu Quả 99%",1000000,50,3121," Chăm sóc da mặt (211)
"
"Thẩm Mỹ Song Kim - Cấy Phấn Non Vào Da Cho da không đều màu ,thiếu sức sống ,không gây đau rát ,không nghỉ dưỡng ",190000,50,3121," Chăm sóc da mặt (211)
"
Liệu trình 12 bước điều trị mụn bằng công nghệ cao trị giá 800.000 VND tại Viện thẩm mỹ Công Nghệ Cao IRIS,399000,50,3121," Chăm sóc da mặt (211)
"
Voucher 60’ Chăm Sóc Da Mặt Cơ Bản Tại Ích Kiện Đường Dưỡng Sinh Hội Quán,150000,50,3121," Chăm sóc da mặt (211)
"
10 Lần Triệt Lông Công Nghệ DIODE LASER BH 2 Năm,750000,50,3121," Chăm sóc da mặt (211)
"
Dan Clinic And Spa - Trị Mụn Chuyên Sâu,250000,50,3121," Chăm sóc da mặt (211)
"
"Việt Hàn Spa - 05 Lần Thay Da Sinh Học MP Alissi Bronte, Nhung Hươu + Ánh Sáng 3D",999000,50,3121," Chăm sóc da mặt (211)
"
Áp Dụng 1 Trong 3 Dịch Vụ Combo Chăm Sóc Da Điện Di Với Vitamin C / Collagen Kết Hợp Với Massage Body Đá Nóng / Thảo Dược tại Mẹ & Em Spa ,399000,50,3121," Chăm sóc da mặt (211)
"
"Việt Hàn Spa - Tắm Trắng Alissi Bronte, Serum Gold Nutriv 24K + Tế Bào Tươi",500000,50,3121," Chăm sóc da mặt (211)
"
 Thẫm Mỹ Song Kim Chạy Trắng Lấy Lại Sắc Da Sáng Đều Màu,250000,50,3121," Chăm sóc da mặt (211)
"
Chăm Sóc Da Mặt Cơ Bản 45 Phút Tại TG Herbal House,237500,5,3121," Chăm sóc da mặt (211)
"
Chăm Sóc Da Mặt Chuyên Sâu 60 Phút Tại TG Herbal House,342000,5,3121," Chăm sóc da mặt (211)
"
Chăm Sóc Da Mặt Cơ Bản 45 Phút Tại TG Herbal House,237500,5,3121," Chăm sóc da mặt (211)
"
Chăm Sóc Da Mặt Chuyên Sâu 60 Phút Tại TG Herbal House,342000,5,3121," Chăm sóc da mặt (211)
"
Cấy Tảo Nano Giúp Trẻ Hóa Căng Bóng Da Tại Haan Spa ,279000,49,3121," Chăm sóc da mặt (211)
"
Dịch Vụ Tắm Trắng Tại Ấm Brows & Spa,306000,49,3121," Chăm sóc da mặt (211)
"
Chăm Sóc Da Mặt Cơ Bản Và Mắt Chuyên Sâu Tại Paradise Beauty & Spa,199000,49,3121," Chăm sóc da mặt (211)
"
Thon Gọn Toàn Thân (Mỹ Phẩm Clarins) 100 Phút Tại Paradise Beauty & Spa,500000,49,3121," Chăm sóc da mặt (211)
"
1 Trong Các DỊch Vụ Chăm Sóc Da Mặt Thư Giãn Tuyệt Đối Tại Ấm Brows & Spa,127000,49,3121," Chăm sóc da mặt (211)
"
1 Trong Các DỊch Vụ Ủ Dưỡng Body Tại Ấm Brows & Spa,127000,49,3121," Chăm sóc da mặt (211)
"
1 Trong Các DỊch Vụ Chăm Sóc Da Mặt Thư Giãn Tuyệt Đối Tại Ấm Brows & Spa,204000,49,3121," Chăm sóc da mặt (211)
"
Combo Thư Giãn Chăm Sóc Body Tại Ấm Brows & Spa,357000,49,3121," Chăm sóc da mặt (211)
"
Combo Nàng Ấm Chăm Sóc Da Mặt Tại Ấm Brows & Spa,255000,49,3121," Chăm sóc da mặt (211)
"
Cấy Tảo Nano Giúp Trẻ Hóa Căng Bóng Da Tại Haan Spa ,279000,49,3121," Chăm sóc da mặt (211)
"
Dịch Vụ Tắm Trắng Tại Ấm Brows & Spa,306000,49,3121," Chăm sóc da mặt (211)
"
Chăm Sóc Da Mặt Cơ Bản Và Mắt Chuyên Sâu Tại Paradise Beauty & Spa,199000,49,3121," Chăm sóc da mặt (211)
"
Thon Gọn Toàn Thân (Mỹ Phẩm Clarins) 100 Phút Tại Paradise Beauty & Spa,500000,49,3121," Chăm sóc da mặt (211)
"
1 Trong Các DỊch Vụ Chăm Sóc Da Mặt Thư Giãn Tuyệt Đối Tại Ấm Brows & Spa,127000,49,3121," Chăm sóc da mặt (211)
"
1 Trong Các DỊch Vụ Ủ Dưỡng Body Tại Ấm Brows & Spa,127000,49,3121," Chăm sóc da mặt (211)
"
1 Trong Các DỊch Vụ Chăm Sóc Da Mặt Thư Giãn Tuyệt Đối Tại Ấm Brows & Spa,204000,49,3121," Chăm sóc da mặt (211)
"
Combo Thư Giãn Chăm Sóc Body Tại Ấm Brows & Spa,357000,49,3121," Chăm sóc da mặt (211)
"
Combo Nàng Ấm Chăm Sóc Da Mặt Tại Ấm Brows & Spa,255000,49,3121," Chăm sóc da mặt (211)
"
NỐI MI CLASSIC,130000,48,3121," Chăm sóc da mặt (211)
"
Liệu Trình Hấp Trắng Da Mặt Collagen Tại IGlow Beauty,259000,48,3121," Chăm sóc da mặt (211)
"
NỐI MI CLASSIC,130000,48,3121," Chăm sóc da mặt (211)
"
Liệu Trình Hấp Trắng Da Mặt Collagen Tại IGlow Beauty,259000,48,3121," Chăm sóc da mặt (211)
"
"Be You Spa - 90 Phút Sạch Mụn, Trắng Mịn Da, Se Khít Lỗ Chân Lông ",79000,47,3121," Chăm sóc da mặt (211)
"
1 Trong Các DỊch Vụ Chăm Sóc Thanh Tẩy Body Tại Ấm Brows & Spa,79000,47,3121," Chăm sóc da mặt (211)
"
"Be You Spa - 90 Phút Sạch Mụn, Trắng Mịn Da, Se Khít Lỗ Chân Lông ",79000,47,3121," Chăm sóc da mặt (211)
"
1 Trong Các DỊch Vụ Chăm Sóc Thanh Tẩy Body Tại Ấm Brows & Spa,79000,47,3121," Chăm sóc da mặt (211)
"
Voucher trị mụn ,99000,45,3121," Chăm sóc da mặt (211)
"
Voucher trị mụn,99000,45,3121," Chăm sóc da mặt (211)
"
Tắm Trắng Thanh Lọc Da ,180000,45,3121," Chăm sóc da mặt (211)
"
Voucher trị mụn ,99000,45,3121," Chăm sóc da mặt (211)
"
Voucher trị mụn,99000,45,3121," Chăm sóc da mặt (211)
"
Tắm Trắng Thanh Lọc Da ,180000,45,3121," Chăm sóc da mặt (211)
"
Trọn gói 10 lần triệt lông + làm trắng da,399000,43,3121," Chăm sóc da mặt (211)
"
Thon Gọn Vùng Bụng Công Nghệ Rf 90 Phút Tại Paradise Beauty & Spa,399000,43,3121," Chăm sóc da mặt (211)
"
Trọn gói 10 lần triệt lông + làm trắng da,399000,43,3121," Chăm sóc da mặt (211)
"
Thon Gọn Vùng Bụng Công Nghệ Rf 90 Phút Tại Paradise Beauty & Spa,399000,43,3121," Chăm sóc da mặt (211)
"
Uốn Mi Collagen,149000,40,3121," Chăm sóc da mặt (211)
"
"Phi kim, lăn kim với tế bào gốc PRP trị sẹo rỗ",3000000,40,3121," Chăm sóc da mặt (211)
"
Giảm Béo Tạm Biệt Bụng Mỡ Trả Lại Vòng Eo Thon 60 Phút Tại Paradise Beauty & Spa,300000,40,3121," Chăm sóc da mặt (211)
"
GIẢM MỠ NỌNG CẰM ULTHERAPY V-FACE,600000,40,3121," Chăm sóc da mặt (211)
"
Voucher trắng sáng căng bóng da tại QUỲNH CHI SPA,600000,40,3121," Chăm sóc da mặt (211)
"
Combo tắm trắng thảo dược thanh lọc da tại Dory Beauty Spa,169000,40,3121," Chăm sóc da mặt (211)
"
Tắm Ủ Dưỡng Bằng Cà Phê Tại Paradise Beauty & Spa,149000,40,3121," Chăm sóc da mặt (211)
"
"Combo phun noãn thực vật giúp làn da đều màu, se khít lỗ chân lông tại Dory Beauty Spa",240000,40,3121," Chăm sóc da mặt (211)
"
DETOX DA - CHĂM SÓC DA MỤN VỚI 8N1 TẠI L’AQUA BEAUTY,299000,40,3121," Chăm sóc da mặt (211)
"
Liệu Trình Căng Bóng Sáng Da Tại Thẩm Mỹ Viện Phương,900000,40,3121," Chăm sóc da mặt (211)
"
Uốn Mi Collagen,149000,40,3121," Chăm sóc da mặt (211)
"
"Phi kim, lăn kim với tế bào gốc PRP trị sẹo rỗ",3000000,40,3121," Chăm sóc da mặt (211)
"
Giảm Béo Tạm Biệt Bụng Mỡ Trả Lại Vòng Eo Thon 60 Phút Tại Paradise Beauty & Spa,300000,40,3121," Chăm sóc da mặt (211)
"
GIẢM MỠ NỌNG CẰM ULTHERAPY V-FACE,600000,40,3121," Chăm sóc da mặt (211)
"
Voucher trắng sáng căng bóng da tại QUỲNH CHI SPA,600000,40,3121," Chăm sóc da mặt (211)
"
Combo tắm trắng thảo dược thanh lọc da tại Dory Beauty Spa,169000,40,3121," Chăm sóc da mặt (211)
"
Tắm Ủ Dưỡng Bằng Cà Phê Tại Paradise Beauty & Spa,149000,40,3121," Chăm sóc da mặt (211)
"
"Combo phun noãn thực vật giúp làn da đều màu, se khít lỗ chân lông tại Dory Beauty Spa",240000,40,3121," Chăm sóc da mặt (211)
"
DETOX DA - CHĂM SÓC DA MỤN VỚI 8N1 TẠI L’AQUA BEAUTY,299000,40,3121," Chăm sóc da mặt (211)
"
Liệu Trình Căng Bóng Sáng Da Tại Thẩm Mỹ Viện Phương,900000,40,3121," Chăm sóc da mặt (211)
"
"Mỹ Chi Spa - Trọn Gói 13 Lần Tan Mỡ, Giảm Béo Siêu Tốc - Hiệu Quả Ngay Lần Đầu Tiên",490000,39,3121," Chăm sóc da mặt (211)
"
Liệu Trình Trị Mụn Bằng Ánh Sáng Sinh Học Tại Thẩm Mỹ Viện Phương,399000,39,3121," Chăm sóc da mặt (211)
"
"Mỹ Chi Spa - Trọn Gói 13 Lần Tan Mỡ, Giảm Béo Siêu Tốc - Hiệu Quả Ngay Lần Đầu Tiên",490000,39,3121," Chăm sóc da mặt (211)
"
Liệu Trình Trị Mụn Bằng Ánh Sáng Sinh Học Tại Thẩm Mỹ Viện Phương,399000,39,3121," Chăm sóc da mặt (211)
"
Nàng Sen Spa - Voucher Chăm Sóc Da Mặt Chuyên Sâu- Căng Da Liệu Pháp Mặt Nạ Nâng Cơ - Miễn Tip,499000,38,3121," Chăm sóc da mặt (211)
"
Nàng Sen Spa - Voucher Chăm Sóc Da Mặt Chuyên Sâu- Căng Da Liệu Pháp Mặt Nạ Nâng Cơ - Miễn Tip,499000,38,3121," Chăm sóc da mặt (211)
"
Combo cấy tảo xoắn Nhật Bản tái tạo da tại Dory Beauty Spa ,139000,37,3121," Chăm sóc da mặt (211)
"
Combo cấy tảo xoắn Nhật Bản tái tạo da tại Dory Beauty Spa ,139000,37,3121," Chăm sóc da mặt (211)
"
Combo lấy nhân mụn phương pháp độc quyền không đau tại Dory Beauty Spa,109000,36,3121," Chăm sóc da mặt (211)
"
Combo lấy nhân mụn phương pháp độc quyền không đau tại Dory Beauty Spa,109000,36,3121," Chăm sóc da mặt (211)
"
Điều trị mụn nặng - Hết mụn 100%,399000,34,3121," Chăm sóc da mặt (211)
"
Liệu Trình Xông Hơi + Ngâm Chân Đặc Biệt Tại Paradise Beauty & Spa,99000,34,3121," Chăm sóc da mặt (211)
"
Paradise Beauty & Spa - Xông Hơi + Ngâm Chân Thảo Dược Dành Cho Nam,99000,34,3121," Chăm sóc da mặt (211)
"
Liệu Trình Phun Oxy Jet Cho Da Sáng Mịn Tại Win Beauty Spa,199000,34,3121," Chăm sóc da mặt (211)
"
Điều trị mụn nặng - Hết mụn 100%,399000,34,3121," Chăm sóc da mặt (211)
"
Liệu Trình Xông Hơi + Ngâm Chân Đặc Biệt Tại Paradise Beauty & Spa,99000,34,3121," Chăm sóc da mặt (211)
"
Paradise Beauty & Spa - Xông Hơi + Ngâm Chân Thảo Dược Dành Cho Nam,99000,34,3121," Chăm sóc da mặt (211)
"
Liệu Trình Phun Oxy Jet Cho Da Sáng Mịn Tại Win Beauty Spa,199000,34,3121," Chăm sóc da mặt (211)
"
"Điều Trị Da Hư Tổn, Sạch Mụn, Nám, Trắng Mịn Da Bằng PRP Plasma Tại Paradise Spa",999000,33,3121," Chăm sóc da mặt (211)
"
Điều Trị Sẹo Công Nghệ Thermage Matrix 4D,400000,33,3121," Chăm sóc da mặt (211)
"
"Liệu Trình 60 Phút Thải Độc Tố, Thải Chì Cho Da Tại Ven Ven Massage & Spa",199000,33,3121," Chăm sóc da mặt (211)
"
Moon Light Spa - Hồi Sinh Làn Da Hư Tổn Bằng DNA Cá Hồi ,499000,33,3121," Chăm sóc da mặt (211)
"
CĂNG DA TRẺ HÓA | KLAIN BEAUTY CENTER - BÁC SĨ KHẢI,20000000,33,3121," Chăm sóc da mặt (211)
"
"Điều Trị Da Hư Tổn, Sạch Mụn, Nám, Trắng Mịn Da Bằng PRP Plasma Tại Paradise Spa",999000,33,3121," Chăm sóc da mặt (211)
"
Điều Trị Sẹo Công Nghệ Thermage Matrix 4D,400000,33,3121," Chăm sóc da mặt (211)
"
"Liệu Trình 60 Phút Thải Độc Tố, Thải Chì Cho Da Tại Ven Ven Massage & Spa",199000,33,3121," Chăm sóc da mặt (211)
"
Moon Light Spa - Hồi Sinh Làn Da Hư Tổn Bằng DNA Cá Hồi ,499000,33,3121," Chăm sóc da mặt (211)
"
CĂNG DA TRẺ HÓA | KLAIN BEAUTY CENTER - BÁC SĨ KHẢI,20000000,33,3121," Chăm sóc da mặt (211)
"
Điều Trị Mụn Thịt,690000,31,3121," Chăm sóc da mặt (211)
"
Điều Trị Mụn Thịt,690000,31,3121," Chăm sóc da mặt (211)
"
Dịch Vụ Vi Kim Tảo Biển - Tặng Kèm Một Chai Tế Bào Gốc Trị Giá 800.000 Đồng,1190000,30,3121," Chăm sóc da mặt (211)
"
Chăm Sóc Da Chuyên Sâu Tại Doctor Skin,420000,30,3121," Chăm sóc da mặt (211)
"
Chăm Sóc Facial Chuyên Sâu Trả Lại Làn Da Tươi Tắn Tại Joliecao Academy Beauty Clinic & Spa,245000,30,3121," Chăm sóc da mặt (211)
"
Facial Cơ Bản Trả Lại Làn Da Tươi Tắn Tại Joliecao Academy Beauty Clinic & Spa,105000,30,3121," Chăm sóc da mặt (211)
"
Dịch Vụ Vi Kim Tảo Biển - Tặng Kèm Một Chai Tế Bào Gốc Trị Giá 800.000 Đồng,1190000,30,3121," Chăm sóc da mặt (211)
"
Chăm Sóc Da Chuyên Sâu Tại Doctor Skin,420000,30,3121," Chăm sóc da mặt (211)
"
Chăm Sóc Facial Chuyên Sâu Trả Lại Làn Da Tươi Tắn Tại Joliecao Academy Beauty Clinic & Spa,245000,30,3121," Chăm sóc da mặt (211)
"
Facial Cơ Bản Trả Lại Làn Da Tươi Tắn Tại Joliecao Academy Beauty Clinic & Spa,105000,30,3121," Chăm sóc da mặt (211)
"
[HN] - Peacock Beauty - Điều Trị Chăm Sóc Da Mụn Cơ Bản,249000,29,3121," Chăm sóc da mặt (211)
"
Moon Light Spa - Chăm Sóc Da Thư Giãn Vitamin C,250000,29,3121," Chăm sóc da mặt (211)
"
[HN] - Peacock Beauty - Điều Trị Chăm Sóc Da Mụn Cơ Bản,249000,29,3121," Chăm sóc da mặt (211)
"
Moon Light Spa - Chăm Sóc Da Thư Giãn Vitamin C,250000,29,3121," Chăm sóc da mặt (211)
"
Paradise Beauty & Spa - Xông Hơi + Ngâm Chân Thảo Dược Đặc Biệt Dành Cho Nam,149000,26,3121," Chăm sóc da mặt (211)
"
Paradise Beauty & Spa - Xông Hơi + Ngâm Chân Thảo Dược Đặc Biệt Dành Cho Nam,149000,26,3121," Chăm sóc da mặt (211)
"
Gói phi kim mụn_Q Beauty Spa,488000,25,3121," Chăm sóc da mặt (211)
"
[HN] - [E-voucher] - Peacock Beauty - Điều Trị Chăm Sóc Da Mụn Viêm Sưng Tấy,299000,25,3121," Chăm sóc da mặt (211)
"
Thon Gọn Toàn Thân Công Nghệ RF Tại Paradise Beauty & Spa,599000,25,3121," Chăm sóc da mặt (211)
"
Gói phi kim mụn_Q Beauty Spa,488000,25,3121," Chăm sóc da mặt (211)
"
[HN] - [E-voucher] - Peacock Beauty - Điều Trị Chăm Sóc Da Mụn Viêm Sưng Tấy,299000,25,3121," Chăm sóc da mặt (211)
"
Thon Gọn Toàn Thân Công Nghệ RF Tại Paradise Beauty & Spa,599000,25,3121," Chăm sóc da mặt (211)
"
Liệu Trình Wax Bikini Tại Paradise Beauty & Spa,190000,24,3121," Chăm sóc da mặt (211)
"
Liệu Trình Wax Bikini Tại Paradise Beauty & Spa,190000,24,3121," Chăm sóc da mặt (211)
"
Liệu trình tảo xoắn cho da Tại Vy's Beauty Spa,500000,23,3121," Chăm sóc da mặt (211)
"
Liệu Trình Baby Therapy - Hồi Sinh Làn Da Căng Bóng Mịn Màng Tại Beryl Spa & Wellness ,1390000,23,3121," Chăm sóc da mặt (211)
"
Liệu trình tảo xoắn cho da Tại Vy's Beauty Spa,500000,23,3121," Chăm sóc da mặt (211)
"
Liệu Trình Baby Therapy - Hồi Sinh Làn Da Căng Bóng Mịn Màng Tại Beryl Spa & Wellness ,1390000,23,3121," Chăm sóc da mặt (211)
"
Trọn gói 15 lần triệt lông vĩnh viễn công nghệ Diode Laser,390000,22,3121," Chăm sóc da mặt (211)
"
Trọn gói 15 lần triệt lông vĩnh viễn công nghệ Diode Laser,390000,22,3121," Chăm sóc da mặt (211)
"
Liệu Trình Wax Tay Tại Paradise Beauty & Spa,95000,21,3121," Chăm sóc da mặt (211)
"
Liệu Trình Wax Tay Tại Paradise Beauty & Spa,95000,21,3121," Chăm sóc da mặt (211)
"
Liệu Trình 80 Phút Hút Chì Thải Độc Tố (Miễn Tip) Tại Thị Spa,199000,20,3121," Chăm sóc da mặt (211)
"
Liệu Trình 80 Phút Chăm Sóc Da Bằng Vitamin C Kết Hợp Đắp Mặt Nạ Thảo Dược (Miễn Tip) Tại Thị Spa,200000,20,3121," Chăm sóc da mặt (211)
"
Phi kim trắng da với serum C,800000,20,3121," Chăm sóc da mặt (211)
"
"[HN] - E-voucher - Peacock Beauty- Chăm Sóc chống mệt mỏi vùng mắt do ngồi máy tính, thức đêm",199000,20,3121," Chăm sóc da mặt (211)
"
Chăm Sóc Da Cao Cấp - Thổi Bay Mụn Tại Budd Spa & Retreat,398000,20,3121," Chăm sóc da mặt (211)
"
Tắm Ủ Dưỡng Các Loại Trái Cây Tại Paradise Beauty & Spa,200000,20,3121," Chăm sóc da mặt (211)
"
Liệu Trình 80 Phút Hút Chì Thải Độc Tố (Miễn Tip) Tại Thị Spa,199000,20,3121," Chăm sóc da mặt (211)
"
Liệu Trình 80 Phút Chăm Sóc Da Bằng Vitamin C Kết Hợp Đắp Mặt Nạ Thảo Dược (Miễn Tip) Tại Thị Spa,200000,20,3121," Chăm sóc da mặt (211)
"
Phi kim trắng da với serum C,800000,20,3121," Chăm sóc da mặt (211)
"
"[HN] - E-voucher - Peacock Beauty- Chăm Sóc chống mệt mỏi vùng mắt do ngồi máy tính, thức đêm",199000,20,3121," Chăm sóc da mặt (211)
"
Chăm Sóc Da Cao Cấp - Thổi Bay Mụn Tại Budd Spa & Retreat,398000,20,3121," Chăm sóc da mặt (211)
"
Tắm Ủ Dưỡng Các Loại Trái Cây Tại Paradise Beauty & Spa,200000,20,3121," Chăm sóc da mặt (211)
"
Liệu Trình Ngâm Chân Tại Paradise Beauty & Spa,49000,2,3121," Chăm sóc da mặt (211)
"
Liệu Trình Ngâm Chân Tại Paradise Beauty & Spa,49000,2,3121," Chăm sóc da mặt (211)
"
Liệu Trình Thanh Tẩy Gót Sen Đặc Biệt Tại Paradise Beauty & Spa,288000,18,3121," Chăm sóc da mặt (211)
"
Liệu Trình Thanh Tẩy Gót Sen Đặc Biệt Tại Paradise Beauty & Spa,288000,18,3121," Chăm sóc da mặt (211)
"
Thư Giãn Ủ Dưỡng Chất Giúp Da Trắng Mịn Tại Thẩm Mỹ Nắng Mai,150000,17,3121," Chăm sóc da mặt (211)
"
[HN] - Peacock Beauty - Chăm Sóc Da Chuyên Sâu Cấp Ẩm Đa Tầng,249000,17,3121," Chăm sóc da mặt (211)
"
Thư Giãn Ủ Dưỡng Chất Giúp Da Trắng Mịn Tại Thẩm Mỹ Nắng Mai,150000,17,3121," Chăm sóc da mặt (211)
"
[HN] - Peacock Beauty - Chăm Sóc Da Chuyên Sâu Cấp Ẩm Đa Tầng,249000,17,3121," Chăm sóc da mặt (211)
"
Tẩy tế bào chết Tại Madala Spa,159000,16,3121," Chăm sóc da mặt (211)
"
Tẩy tế bào chết Tại Madala Spa,159000,16,3121," Chăm sóc da mặt (211)
"
Chăm sóc da trắng sáng tại Vy' Beauty Spa,499000,15,3121," Chăm sóc da mặt (211)
"
Liệu Trinh Chăm Sóc Da Mặt Bằng Liệu Pháp Đắp Mặt Nạ Thuốc Bắc Hạ Thổ Lòng Đỏ Trứng Gà Tại Natural Quen,299000,15,3121," Chăm sóc da mặt (211)
"
Chăm sóc da trắng sáng tại Vy' Beauty Spa,499000,15,3121," Chăm sóc da mặt (211)
"
Liệu Trinh Chăm Sóc Da Mặt Bằng Liệu Pháp Đắp Mặt Nạ Thuốc Bắc Hạ Thổ Lòng Đỏ Trứng Gà Tại Natural Quen,299000,15,3121," Chăm sóc da mặt (211)
"
Liệu Trình Xoá Thâm Vùng Bikini Tại Paradise Beauty & Spa,499000,14,3121," Chăm sóc da mặt (211)
"
Dịch Vụ Chăm Sóc mặt Oxygen tại Home Spa Mai ,300000,14,3121," Chăm sóc da mặt (211)
"
Liệu Trình Xoá Thâm Vùng Bikini Tại Paradise Beauty & Spa,499000,14,3121," Chăm sóc da mặt (211)
"
Dịch Vụ Chăm Sóc mặt Oxygen tại Home Spa Mai ,300000,14,3121," Chăm sóc da mặt (211)
"
Điều Trị Quầng Thâm Vùng Mắt,199000,13,3121," Chăm sóc da mặt (211)
"
Liệu Trình Wax Dưới Cánh Tay Tại Paradise Beauty & Spa,70000,13,3121," Chăm sóc da mặt (211)
"
Điều Trị Quầng Thâm Vùng Mắt,199000,13,3121," Chăm sóc da mặt (211)
"
Liệu Trình Wax Dưới Cánh Tay Tại Paradise Beauty & Spa,70000,13,3121," Chăm sóc da mặt (211)
"
Điều trị mụn nhẹ - SeoulSpa.Vn ,179000,11,3121," Chăm sóc da mặt (211)
"
Điều trị mụn nhẹ - SeoulSpa.Vn ,179000,11,3121," Chăm sóc da mặt (211)
"
Voucher Tắm Trắng Organic - An Toàn Cho Da - Peacockbeauty,449000,10,3121," Chăm sóc da mặt (211)
"
Voucher Tắm Trắng Organic - An Toàn Cho Da - Peacockbeauty,449000,10,3121," Chăm sóc da mặt (211)
"
Điều trị mụn chuyên sâu + Đắp mặt nạ trị mụn + Điện di ion lạnh ( 90 Phút) ,199000,1,3121," Chăm sóc da mặt (211)
"
Liệu Trình Đắp Mặt Nạ Bikini Tại Paradise Beauty & Spa,149000,1,3121," Chăm sóc da mặt (211)
"
Điều trị mụn chuyên sâu + Đắp mặt nạ trị mụn + Điện di ion lạnh ( 90 Phút) ,199000,1,3121," Chăm sóc da mặt (211)
"
Liệu Trình Đắp Mặt Nạ Bikini Tại Paradise Beauty & Spa,149000,1,3121," Chăm sóc da mặt (211)
"
